carrier,p_nom_opt
onwind,5556.334867256469
gas,3142.4873202238914
offwind,517.7549505761677
biomass,165.70424806023462
coal,104.21792023219943
oil,0.0
solar,0.0
