carrier,0
onwind,5556.334867256469
gas,2571.4873202238914
offwind,517.7549505761677
biomass,77.70424806023462
coal,0.0
oil,0.0
solar,0.0
